formatted_date,open,high,low,close,adjclose,volume
2020-01-15,90.7300033569336,92.0199966430664,90.66999816894531,90.87999725341797,90.87999725341797,809300
2020-01-14,91.05999755859375,91.58999633789062,90.37000274658203,90.66999816894531,90.66999816894531,685500
2020-01-13,90.2699966430664,91.91000366210938,90.2699966430664,91.2300033569336,91.2300033569336,1586800
2020-01-10,90.83000183105469,91.2699966430664,90.20999908447266,90.4800033569336,90.4800033569336,908900
2020-01-09,91.94999694824219,91.98999786376953,90.58000183105469,90.79000091552734,90.79000091552734,945700
2020-01-08,91.19999694824219,92.25,91.02999877929688,91.26000213623047,91.26000213623047,1516400
2020-01-07,90.55000305175781,91.91999816894531,90.19999694824219,91.20999908447266,91.20999908447266,1768800
2020-01-06,92.44999694824219,92.51000213623047,90.4800033569336,90.69999694824219,90.69999694824219,1960200
2020-01-03,87.1500015258789,94.45999908447266,86.19000244140625,93.55999755859375,93.55999755859375,3940600
2020-01-02,85.7699966430664,86.06999969482422,83.9469985961914,84.08999633789062,84.08999633789062,1593400
2019-12-31,85.5199966430664,86.06999969482422,84.87000274658203,86.02999877929688,86.02999877929688,1044800
2019-12-30,85.95999908447266,86.05000305175781,85.2300033569336,85.44999694824219,85.44999694824219,397000
2019-12-27,86.22000122070312,86.58999633789062,85.83999633789062,86.06999969482422,86.06999969482422,427700
2019-12-26,85.18000030517578,86.16000366210938,85.1500015258789,86.1500015258789,86.1500015258789,370100
2019-12-24,85.55999755859375,85.81999969482422,85.13999938964844,85.13999938964844,85.13999938964844,444600
2019-12-23,86.2300033569336,86.2300033569336,85.44999694824219,85.5,85.5,553400
2019-12-20,84.86000061035156,86.23999786376953,84.21499633789062,85.83000183105469,85.83000183105469,2257200
2019-12-19,84.38999938964844,84.91000366210938,83.88999938964844,84.19999694824219,84.19999694824219,1027500
2019-12-18,84.30999755859375,84.44000244140625,83.43000030517578,84.16999816894531,84.16999816894531,968600
2019-12-17,84.02999877929688,84.77999877929688,83.96499633789062,84.08999633789062,84.08999633789062,723200
2019-12-16,84.05000305175781,84.58499908447266,83.45800018310547,83.97000122070312,83.97000122070312,1172900
2019-12-13,83.88999938964844,84.55999755859375,83.30000305175781,84.0999984741211,84.0999984741211,1395800
2019-12-12,84.36000061035156,85.08000183105469,83.5199966430664,84.11000061035156,84.11000061035156,821900
2019-12-11,84.2699966430664,84.86000061035156,83.97000122070312,84.37999725341797,84.37999725341797,476200
2019-12-10,84.29000091552734,84.5,83.94499969482422,84.0199966430664,84.0199966430664,638100
2019-12-09,84.26000213623047,84.3550033569336,83.91999816894531,84.16000366210938,84.16000366210938,707300
2019-12-06,84.4000015258789,84.95999908447266,84.13999938964844,84.22000122070312,84.22000122070312,687800
2019-12-05,84.3499984741211,84.80000305175781,84.0999984741211,84.41000366210938,84.41000366210938,681100
2019-12-04,84.22000122070312,84.98999786376953,83.7300033569336,84.12999725341797,84.12999725341797,1152600
2019-12-03,83.94999694824219,84.77999877929688,83.5999984741211,84.41000366210938,84.41000366210938,951300
2019-12-02,83.80999755859375,84.18000030517578,82.81999969482422,84.02999877929688,84.02999877929688,1691700
2019-11-29,83.97000122070312,84.37999725341797,83.5999984741211,83.9800033569336,83.9800033569336,544800
2019-11-27,83.8499984741211,84.25,83.5999984741211,84.0199966430664,84.0199966430664,917400
2019-11-26,83.69999694824219,84.11000061035156,83.16999816894531,83.8499984741211,83.8499984741211,2606900
2019-11-25,83.2699966430664,83.75,83.12000274658203,83.43000030517578,83.43000030517578,800900
2019-11-22,83.06999969482422,83.31999969482422,82.58000183105469,82.91000366210938,82.91000366210938,678800
2019-11-21,83.23999786376953,83.47000122070312,82.2300033569336,82.83999633789062,82.83999633789062,952800
2019-11-20,83.70999908447266,84.2249984741211,83.16500091552734,83.48999786376953,83.48999786376953,819100
2019-11-19,83.52999877929688,84.25,83.18000030517578,83.75,83.75,961400
2019-11-18,82.69999694824219,84.33000183105469,82.47000122070312,83.36000061035156,83.36000061035156,2253800
2019-11-15,81.19999694824219,82.94000244140625,81.05000305175781,82.94000244140625,82.94000244140625,1442500
2019-11-14,81.06999969482422,81.47000122070312,80.29000091552734,81.04000091552734,81.04000091552734,658000
2019-11-13,79.98999786376953,81.30000305175781,79.7699966430664,81.0,81.0,784500
2019-11-12,80.41000366210938,80.80999755859375,79.70999908447266,80.12000274658203,80.12000274658203,903600
2019-11-11,78.72000122070312,80.48999786376953,78.69599914550781,80.48999786376953,80.48999786376953,673200
2019-11-08,78.93000030517578,79.0,78.38999938964844,78.94999694824219,78.94999694824219,460400
2019-11-07,79.20999908447266,79.41999816894531,78.29000091552734,79.0,79.0,801000
2019-11-06,76.94999694824219,79.2300033569336,76.94999694824219,79.06999969482422,79.06999969482422,835100
2019-11-05,77.04000091552734,77.48999786376953,76.62000274658203,76.86000061035156,76.86000061035156,739200
2019-11-04,77.44000244140625,77.98999786376953,76.76000213623047,77.20999908447266,77.20999908447266,1387600
2019-11-01,78.33999633789062,78.5199966430664,77.3949966430664,77.56999969482422,77.56999969482422,867800
2019-10-31,77.58000183105469,78.22000122070312,76.62000274658203,78.04000091552734,78.04000091552734,941600
2019-10-30,77.13999938964844,78.0999984741211,76.69999694824219,77.75,77.54999542236328,613000
2019-10-29,75.98999786376953,77.16500091552734,75.70500183105469,77.0199966430664,76.8218765258789,649400
2019-10-28,75.1500015258789,76.41999816894531,75.1500015258789,76.02999877929688,75.83441925048828,675400
2019-10-25,74.87999725341797,75.30999755859375,74.22000122070312,75.0,74.80707550048828,728100
2019-10-24,74.80999755859375,74.80999755859375,73.75,74.5999984741211,74.4081039428711,760400
2019-10-23,75.33000183105469,75.54000091552734,74.16999816894531,74.80999755859375,74.61756134033203,1137200
2019-10-22,77.18000030517578,77.18000030517578,75.18000030517578,75.33000183105469,75.13622283935547,696000
2019-10-21,76.97000122070312,77.18000030517578,76.58999633789062,76.81999969482422,76.62239074707031,581500
2019-10-18,77.12999725341797,77.31999969482422,76.62000274658203,76.97000122070312,76.77200317382812,612100
2019-10-17,76.41000366210938,77.52999877929688,76.22000122070312,77.05000305175781,76.851806640625,724700
2019-10-16,75.69999694824219,76.2300033569336,74.94999694824219,76.2300033569336,76.0339126586914,762000
2019-10-15,75.94000244140625,76.19999694824219,75.16000366210938,75.5,75.3057861328125,721100
2019-10-14,76.19000244140625,76.34500122070312,75.5199966430664,75.83999633789062,75.64490509033203,458500
2019-10-11,76.55000305175781,76.87999725341797,76.02999877929688,76.08999633789062,75.8942642211914,521700
2019-10-10,75.79000091552734,76.91999816894531,75.43000030517578,76.41000366210938,76.21344757080078,829500
2019-10-09,76.56999969482422,76.9800033569336,75.7300033569336,75.95999908447266,75.76460266113281,573100
2019-10-08,75.76000213623047,76.97000122070312,75.2300033569336,76.56999969482422,76.37303161621094,1345400
2019-10-07,77.54000091552734,77.71600341796875,75.69999694824219,75.91000366210938,75.71473693847656,1338600
2019-10-04,78.0,79.38999938964844,76.98999786376953,77.7699966430664,77.5699462890625,1333500
2019-10-03,73.54000091552734,77.87999725341797,73.47000122070312,77.87999725341797,77.6796646118164,2599200
2019-10-02,73.5999984741211,74.66999816894531,72.51000213623047,73.3499984741211,73.16131591796875,2914300
2019-10-01,72.81999969482422,74.74500274658203,72.81999969482422,73.56999969482422,73.38075256347656,2015100
2019-09-30,73.33999633789062,73.48999786376953,72.26000213623047,72.72000122070312,72.5329360961914,1651100
2019-09-27,73.83999633789062,73.83999633789062,72.66999816894531,73.36000061035156,73.17129516601562,722700
2019-09-26,74.12999725341797,74.48999786376953,73.55999755859375,73.58999633789062,73.40069580078125,940700
2019-09-25,73.63999938964844,74.33000183105469,73.16000366210938,73.86000061035156,73.67000579833984,987100
2019-09-24,74.27999877929688,74.80999755859375,73.66000366210938,73.86000061035156,73.67000579833984,906600
2019-09-23,73.68000030517578,74.44000244140625,73.22000122070312,74.13999938964844,73.94928741455078,956200
2019-09-20,74.0,74.22000122070312,72.80999755859375,73.5199966430664,73.33087921142578,1409700
2019-09-19,73.7300033569336,74.01000213623047,73.4749984741211,73.62999725341797,73.44059753417969,1055300
2019-09-18,74.12000274658203,74.29000091552734,72.94000244140625,73.75,73.56028747558594,1059200
2019-09-17,72.87999725341797,74.01000213623047,72.6510009765625,74.0,73.80964660644531,1109400
2019-09-16,72.26000213623047,73.6500015258789,71.94000244140625,73.19000244140625,73.0017318725586,955700
2019-09-13,71.83000183105469,73.0,71.3499984741211,72.1500015258789,71.96440887451172,913400
2019-09-12,71.8499984741211,72.22000122070312,71.5999984741211,71.94999694824219,71.7649154663086,522300
2019-09-11,70.5999984741211,71.7699966430664,70.0199966430664,71.58000183105469,71.3958740234375,657700
2019-09-10,70.7699966430664,70.77999877929688,69.76000213623047,70.56999969482422,70.38846588134766,693000
2019-09-09,71.30000305175781,71.4800033569336,70.33999633789062,71.05999755859375,70.87720489501953,526900
2019-09-06,71.97000122070312,72.44000244140625,71.13999938964844,71.22000122070312,71.03679656982422,843600
2019-09-05,72.76000213623047,72.83000183105469,71.62999725341797,71.79000091552734,71.60533142089844,920300
2019-09-04,71.58999633789062,72.4800033569336,71.28500366210938,72.37999725341797,72.19380950927734,896900
2019-09-03,70.0999984741211,71.4000015258789,69.80999755859375,71.36000061035156,71.17643737792969,611700
2019-08-30,70.27999877929688,70.7699966430664,70.11000061035156,70.38999938964844,70.20893096923828,772900
2019-08-29,69.19999694824219,70.01000213623047,68.87999725341797,69.91999816894531,69.7401351928711,429100
2019-08-28,68.55999755859375,69.16000366210938,68.16999816894531,68.7699966430664,68.59309387207031,470600
2019-08-27,68.87999725341797,69.26000213623047,67.94000244140625,68.44999694824219,68.27391815185547,630000
2019-08-26,68.83000183105469,69.12000274658203,68.47000122070312,68.87000274658203,68.6928482055664,600400
2019-08-23,69.41999816894531,69.94999694824219,68.0999984741211,68.4000015258789,68.22405242919922,673500
2019-08-22,68.62999725341797,69.95999908447266,68.47000122070312,69.51000213623047,69.3311996459961,752700
2019-08-21,68.51000213623047,69.13999938964844,68.2300033569336,68.44000244140625,68.26394653320312,732500
2019-08-20,69.83999633789062,69.83999633789062,67.91999816894531,68.25,68.0744400024414,1249600
2019-08-19,69.04000091552734,70.37999725341797,68.98999786376953,70.12000274658203,69.93962860107422,1447100
2019-08-16,68.19000244140625,69.18000030517578,67.44999694824219,68.80999755859375,68.63299560546875,793700
2019-08-15,66.94000244140625,68.19999694824219,66.7699966430664,67.9000015258789,67.725341796875,749100
2019-08-14,67.2300033569336,67.72000122070312,66.47000122070312,66.80000305175781,66.62816619873047,1232400
2019-08-13,67.91000366210938,68.37999725341797,67.12999725341797,67.30000305175781,67.12688446044922,1410200
2019-08-12,66.86000061035156,68.01000213623047,66.64700317382812,67.9000015258789,67.725341796875,504500
2019-08-09,67.05000305175781,67.19999694824219,66.22000122070312,67.05999755859375,66.88749694824219,544000
2019-08-08,65.08000183105469,67.26000213623047,65.08000183105469,66.83999633789062,66.66806030273438,1236900
2019-08-07,64.83000183105469,65.77999877929688,63.689998626708984,65.62000274658203,65.45120239257812,970800
2019-08-06,65.41000366210938,66.0999984741211,64.77999877929688,64.94999694824219,64.78292083740234,1225500
2019-08-05,66.62999725341797,66.80999755859375,64.55000305175781,65.36000061035156,65.1918716430664,1022100
2019-08-02,66.69999694824219,67.37999725341797,66.23999786376953,67.05999755859375,66.88749694824219,1101600
2019-08-01,67.26000213623047,67.77999877929688,66.52999877929688,66.55000305175781,66.37881469726562,1137600
2019-07-31,67.69999694824219,67.69999694824219,66.40499877929688,67.12000274658203,66.74785614013672,2230500
2019-07-30,65.70999908447266,67.75,65.33000183105469,67.54000091552734,67.16552734375,1642100
2019-07-29,64.86000061035156,65.73999786376953,64.4800033569336,65.55000305175781,65.18656921386719,1061900
2019-07-26,65.12000274658203,65.19999694824219,64.08000183105469,64.68000030517578,64.32138061523438,1319900
2019-07-25,63.099998474121094,64.9000015258789,63.0099983215332,64.79000091552734,64.43077087402344,1483600
2019-07-24,63.189998626708984,64.12000274658203,62.029998779296875,63.4900016784668,63.13798141479492,2441700
2019-07-23,65.62999725341797,65.62999725341797,63.130001068115234,63.65999984741211,63.30704116821289,3855700
2019-07-22,68.63999938964844,68.7699966430664,67.5,67.55999755859375,67.18541717529297,1979700
2019-07-19,68.05000305175781,68.8499984741211,67.94000244140625,68.56999969482422,68.1898193359375,1647200
2019-07-18,67.19999694824219,68.05999755859375,66.66999816894531,67.95999908447266,67.58319854736328,892500
2019-07-17,66.70999908447266,67.13999938964844,66.47000122070312,67.08000183105469,66.70807647705078,810900
2019-07-16,66.62999725341797,67.01499938964844,66.3499984741211,66.79000091552734,66.41968536376953,1250400
2019-07-15,66.0,66.80999755859375,65.41000366210938,66.37000274658203,66.00201416015625,1269400
2019-07-12,67.5999984741211,67.76000213623047,65.88999938964844,65.93000030517578,65.564453125,2027500
2019-07-11,66.29000091552734,67.75499725341797,66.25,67.58000183105469,67.20530700683594,2758600
2019-07-10,65.0,66.88999938964844,64.7699966430664,66.19999694824219,65.83295440673828,2535000
2019-07-09,64.37000274658203,65.3499984741211,63.63999938964844,65.08000183105469,64.71916961669922,2706600
2019-07-08,64.43000030517578,64.77999877929688,63.959999084472656,64.38999938964844,64.03299713134766,956400
2019-07-05,63.540000915527344,64.37999725341797,63.29999923706055,64.33999633789062,63.9832649230957,706100
2019-07-03,62.650001525878906,63.959999084472656,62.650001525878906,63.720001220703125,63.3667106628418,670900
2019-07-02,62.84000015258789,63.54999923706055,62.540000915527344,62.619998931884766,62.272804260253906,998700
2019-07-01,63.529998779296875,63.630001068115234,62.279998779296875,62.529998779296875,62.18330383300781,1064400
2019-06-28,61.849998474121094,63.380001068115234,61.70000076293945,63.36000061035156,63.008705139160156,2422000
2019-06-27,62.7400016784668,62.7400016784668,61.11000061035156,61.70000076293945,61.35791015625,1315000
2019-06-26,62.119998931884766,63.290000915527344,62.06999969482422,63.0,62.650699615478516,2281300
2019-06-25,60.83000183105469,62.810001373291016,60.540000915527344,62.540000915527344,62.1932487487793,2027400
2019-06-24,60.790000915527344,61.41999816894531,60.439998626708984,60.7599983215332,60.423118591308594,1045100
2019-06-21,61.33000183105469,61.88999938964844,60.45199966430664,60.84000015258789,60.5026741027832,1955300
2019-06-20,61.439998626708984,62.150001525878906,61.130001068115234,61.34000015258789,60.99990463256836,1041300
2019-06-19,60.7599983215332,61.439998626708984,59.150001525878906,61.31999969482422,60.980010986328125,1646700
2019-06-18,59.9900016784668,60.18000030517578,58.83000183105469,58.970001220703125,58.643043518066406,1070900
2019-06-17,61.439998626708984,61.52000045776367,59.60499954223633,59.849998474121094,59.518165588378906,1304100
2019-06-14,61.33000183105469,61.90999984741211,61.209999084472656,61.709999084472656,61.36785125732422,1295100
2019-06-13,61.43000030517578,61.5099983215332,60.650001525878906,61.209999084472656,60.87062072753906,1135900
2019-06-12,62.13999938964844,62.60599899291992,61.2400016784668,61.369998931884766,61.02973556518555,691300
2019-06-11,61.41999816894531,62.349998474121094,61.41999816894531,61.91999816894531,61.57668685913086,921000
2019-06-10,60.900001525878906,61.60499954223633,60.4900016784668,61.41999816894531,61.0794563293457,1089800
2019-06-07,62.58000183105469,62.75,60.65999984741211,60.9900016784668,60.6518440246582,1569000
2019-06-06,62.13999938964844,62.56999969482422,61.52000045776367,62.38999938964844,62.04408264160156,1387700
2019-06-05,61.59000015258789,62.41999816894531,61.040000915527344,62.349998474121094,62.004302978515625,1624400
2019-06-04,60.36000061035156,61.2599983215332,60.060001373291016,61.22999954223633,60.8905143737793,3288800
2019-06-03,59.25,60.349998474121094,59.189998626708984,60.2400016784668,59.906005859375,1154800
2019-05-31,59.84000015258789,59.92499923706055,59.15999984741211,59.25,58.92148971557617,1327000
2019-05-30,59.90999984741211,60.42499923706055,59.61000061035156,60.04999923706055,59.7170524597168,1227000
2019-05-29,60.599998474121094,60.7400016784668,59.63999938964844,59.93000030517578,59.597721099853516,2360800
2019-05-28,62.130001068115234,62.319000244140625,60.08000183105469,60.790000915527344,60.45295333862305,4988700
2019-05-24,63.18000030517578,63.45000076293945,61.91999816894531,62.130001068115234,61.785526275634766,2018100
2019-05-23,63.290000915527344,63.4900016784668,62.459999084472656,63.08000183105469,62.73025894165039,1958000
2019-05-22,65.36000061035156,65.94999694824219,63.56999969482422,63.65999984741211,63.30704116821289,1931600
2019-05-21,67.56999969482422,67.95500183105469,65.22000122070312,65.36000061035156,64.99761962890625,2769600
2019-05-20,67.62999725341797,68.41999816894531,67.45999908447266,67.54000091552734,67.16552734375,1487200
2019-05-17,66.83000183105469,67.83000183105469,65.94999694824219,67.62999725341797,67.2550277709961,1512700
2019-05-16,67.25,68.05000305175781,66.8499984741211,66.87999725341797,66.50918579101562,2356500
2019-05-15,67.08000183105469,68.12000274658203,66.66000366210938,67.06999969482422,66.69813537597656,2318900
2019-05-14,66.76000213623047,67.83499908447266,66.58000183105469,67.0199966430664,66.6484146118164,1980300
2019-05-13,66.98999786376953,67.20999908447266,65.43000030517578,66.54000091552734,66.17107391357422,2145700
2019-05-10,68.45999908447266,68.45999908447266,67.22000122070312,67.44999694824219,67.0760269165039,1225000
2019-05-09,68.18000030517578,68.7300033569336,67.93000030517578,68.62999725341797,68.24948120117188,1444000
2019-05-08,68.1500015258789,68.62999725341797,67.88999938964844,68.30000305175781,67.92131805419922,2047200
2019-05-07,68.61000061035156,68.83000183105469,66.83000183105469,68.25,67.87158966064453,2877900
2019-05-06,66.51000213623047,67.69000244140625,66.29000091552734,67.5,67.12574768066406,1260900
2019-05-03,66.52999877929688,67.16000366210938,65.45999908447266,67.0999984741211,66.72796630859375,2289800
2019-05-02,69.7699966430664,69.7699966430664,65.2300033569336,66.37000274658203,66.00201416015625,3550000
2019-05-01,69.94000244140625,70.6500015258789,69.9000015258789,70.0999984741211,69.51243591308594,1274000
2019-04-30,68.56999969482422,70.16999816894531,68.06999969482422,70.05000305175781,69.46286010742188,1541400
2019-04-29,69.47000122070312,69.51000213623047,68.0,68.55000305175781,67.97543334960938,1482700
2019-04-26,69.41000366210938,70.19999694824219,68.68000030517578,69.69000244140625,69.10588073730469,955400
2019-04-25,68.72000122070312,69.66999816894531,68.66000366210938,69.19999694824219,68.61997985839844,760000
2019-04-24,69.66000366210938,69.80999755859375,68.81999969482422,69.29000091552734,68.709228515625,1303600
2019-04-23,68.75,69.80999755859375,68.75,69.4800033569336,68.89764404296875,1194300
2019-04-22,67.7300033569336,68.93000030517578,67.19000244140625,68.9000015258789,68.32250213623047,1404000
2019-04-18,68.62000274658203,68.62000274658203,67.08000183105469,67.62000274658203,67.05323028564453,2237200
2019-04-17,69.75,69.95999908447266,68.58999633789062,68.62999725341797,68.05476379394531,1186000
2019-04-16,71.22000122070312,71.62999725341797,69.62999725341797,69.66000366210938,69.07613372802734,1209600
2019-04-15,71.13999938964844,71.6500015258789,70.93000030517578,71.19999694824219,70.60321807861328,900300
2019-04-12,71.48999786376953,71.55000305175781,70.58000183105469,71.11000061035156,70.51397705078125,1008100
2019-04-11,72.33000183105469,72.58000183105469,71.2699966430664,71.62999725341797,71.02961730957031,1192400
2019-04-10,73.08000183105469,73.52999877929688,72.24500274658203,72.4000015258789,71.79315948486328,1176900
2019-04-09,72.66999816894531,72.94000244140625,71.94999694824219,72.91999816894531,72.30879974365234,1220500
2019-04-08,71.91999816894531,73.19999694824219,71.72000122070312,72.87000274658203,72.25923156738281,1527900
2019-04-05,70.19000244140625,71.66000366210938,69.63999938964844,71.62999725341797,71.02961730957031,2512700
2019-04-04,73.08000183105469,73.1500015258789,70.30000305175781,70.31999969482422,69.73059844970703,2401900
2019-04-03,74.54000091552734,75.43000030517578,73.08000183105469,73.08999633789062,72.47737884521484,2836200
2019-04-02,79.0,79.0999984741211,73.12000274658203,74.36000061035156,73.73674011230469,6500100
2019-04-01,74.79000091552734,75.43000030517578,73.70999908447266,73.97000122070312,73.35000610351562,2302700
2019-03-29,74.18000030517578,75.23999786376953,73.31999969482422,74.94000244140625,74.31187438964844,2903400
2019-03-28,72.48999786376953,74.34500122070312,72.19000244140625,73.91999816894531,73.30042266845703,2104800
2019-03-27,73.11000061035156,73.37000274658203,72.11000061035156,72.2699966430664,71.66424560546875,1378900
2019-03-26,72.86000061035156,73.18000030517578,72.2300033569336,73.0,72.38813018798828,1276300
2019-03-25,71.56999969482422,73.27999877929688,71.5,72.83000183105469,72.21955871582031,1798100
2019-03-22,71.2699966430664,72.02999877929688,70.83000183105469,71.66000366210938,71.05937194824219,1241200
2019-03-21,69.55000305175781,71.0,69.19999694824219,71.0,70.40489959716797,1108400
2019-03-20,69.86000061035156,70.15499877929688,68.87999725341797,69.37000274658203,68.78856658935547,1150000
2019-03-19,70.13999938964844,70.33000183105469,69.36000061035156,69.70999908447266,69.1257095336914,860800
2019-03-18,69.37999725341797,70.37000274658203,69.23999786376953,69.9000015258789,69.31411743164062,1581000
2019-03-15,68.04000091552734,69.56999969482422,67.95999908447266,69.51000213623047,68.92738342285156,3240500
2019-03-14,69.9800033569336,69.9800033569336,68.12999725341797,68.19000244140625,67.61846160888672,1990000
2019-03-13,69.70999908447266,70.01000213623047,69.4000015258789,69.83999633789062,69.2546157836914,1163900
2019-03-12,70.43000030517578,70.4749984741211,69.5999984741211,69.69999694824219,69.11579895019531,1347900
2019-03-11,69.95999908447266,70.45999908447266,69.5999984741211,70.20999908447266,69.62152099609375,1504200
2019-03-08,70.45999908447266,70.45999908447266,69.79499816894531,70.01000213623047,69.42320251464844,1011200
2019-03-07,70.55000305175781,71.20500183105469,70.18000030517578,70.51000213623047,69.91900634765625,1737100
2019-03-06,71.25,71.75,70.41000366210938,70.54000091552734,69.9487533569336,1349400
2019-03-05,70.7300033569336,71.16000366210938,70.43299865722656,71.16000366210938,70.56356048583984,1255300
2019-03-04,70.93000030517578,70.94000244140625,70.01000213623047,70.79000091552734,70.1966552734375,2055500
2019-03-01,69.69000244140625,70.97000122070312,69.12000274658203,70.94999694824219,70.3553237915039,1156800
2019-02-28,69.19999694824219,69.66000366210938,68.63999938964844,69.30999755859375,68.72905731201172,1265700
2019-02-27,68.83999633789062,69.11499786376953,67.83999633789062,69.0999984741211,68.52082061767578,1306900
2019-02-26,69.7699966430664,70.05000305175781,68.93000030517578,69.0,68.42166137695312,1826300
2019-02-25,70.80000305175781,70.95999908447266,69.2699966430664,69.48999786376953,68.90755462646484,1164700
2019-02-22,70.05000305175781,70.86000061035156,69.6500015258789,70.5,69.9090805053711,962100
2019-02-21,70.0,70.98999786376953,69.9000015258789,70.9800033569336,70.38506317138672,990100
2019-02-20,70.16999816894531,70.41999816894531,69.87000274658203,70.05999755859375,69.47277069091797,1480300
2019-02-19,69.45999908447266,70.44000244140625,69.4000015258789,70.30000305175781,69.71076202392578,1552100
2019-02-15,69.5199966430664,69.88999938964844,69.0,69.51000213623047,68.92738342285156,1393100
2019-02-14,68.33000183105469,69.5199966430664,67.91999816894531,68.97000122070312,68.39191436767578,2305400
2019-02-13,69.22000122070312,69.48999786376953,68.37000274658203,68.55999755859375,67.9853515625,2659200
2019-02-12,70.33999633789062,70.7699966430664,69.0,69.0199966430664,68.44148254394531,1521300
2019-02-11,70.86000061035156,71.0,69.80999755859375,70.38999938964844,69.80000305175781,1202700
2019-02-08,70.29000091552734,70.62000274658203,70.01000213623047,70.62000274658203,70.02808380126953,1095300
2019-02-07,70.94999694824219,71.37000274658203,70.2300033569336,70.61000061035156,70.0181655883789,1310700
2019-02-06,71.4800033569336,71.62999725341797,70.73999786376953,71.30999755859375,70.71229553222656,782900
2019-02-05,71.38999938964844,72.01000213623047,71.18000030517578,71.63999938964844,71.0395278930664,945500
2019-02-04,72.16000366210938,72.33000183105469,70.83999633789062,71.30000305175781,70.70238494873047,1440300
2019-02-01,72.4800033569336,72.55000305175781,71.6050033569336,72.4000015258789,71.79315948486328,1837400
2019-01-31,72.13999938964844,72.44999694824219,71.06999969482422,72.30000305175781,71.69400024414062,1343600
2019-01-30,72.70999908447266,73.0,72.26000213623047,72.58000183105469,71.77333068847656,846500
2019-01-29,71.33000183105469,72.76000213623047,71.33000183105469,72.44000244140625,71.6348876953125,1236200
2019-01-28,70.62999725341797,71.5199966430664,70.12999725341797,71.4000015258789,70.60645294189453,2788400
2019-01-25,71.7699966430664,72.0,70.5,71.0999984741211,70.30978393554688,1437900
2019-01-24,71.98999786376953,72.5,70.83999633789062,71.36000061035156,70.56688690185547,1286100
2019-01-23,71.94000244140625,73.5999984741211,71.58000183105469,72.7300033569336,71.92166900634766,1791300
2019-01-22,70.88999938964844,71.47000122070312,70.33000183105469,70.75,69.96367645263672,1429000
2019-01-18,71.12999725341797,71.76000213623047,70.68000030517578,70.87999725341797,70.09221649169922,1927600
2019-01-17,70.0,71.25,69.91999816894531,70.9000015258789,70.11199951171875,1487100
2019-01-16,69.22000122070312,71.11000061035156,69.20999908447266,70.18000030517578,69.4000015258789,1986100
2019-01-15,67.6500015258789,69.13999938964844,67.43000030517578,68.9000015258789,68.13423156738281,1738800
2019-01-14,69.45999908447266,69.45999908447266,65.87000274658203,67.63999938964844,66.88823699951172,1960700
2019-01-11,69.86000061035156,69.86000061035156,69.0,69.47000122070312,68.6978988647461,968000
2019-01-10,69.72000122070312,69.88999938964844,68.9000015258789,69.86000061035156,69.08355712890625,1403300
2019-01-09,71.16000366210938,71.20999908447266,69.66999816894531,69.72000122070312,68.94512176513672,1763500
2019-01-08,70.61000061035156,71.61000061035156,69.80999755859375,70.91000366210938,70.12189483642578,2914300
2019-01-07,75.58999633789062,75.58999633789062,69.8499984741211,70.55000305175781,69.76589965820312,3497900
2019-01-04,75.0999984741211,76.87999725341797,74.66000366210938,75.58000183105469,74.739990234375,2716400
2019-01-03,73.13999938964844,73.87999725341797,72.7699966430664,72.9800033569336,72.16888427734375,2178800
2019-01-02,73.2300033569336,74.08999633789062,72.16999816894531,73.66000366210938,72.8413314819336,2203800
2018-12-31,73.61000061035156,73.75,72.69999694824219,73.55999755859375,72.74243927001953,849600
2018-12-28,74.06999969482422,74.48999786376953,72.93000030517578,73.61000061035156,72.79188537597656,823000
2018-12-27,72.79000091552734,73.73999786376953,71.56999969482422,73.7300033569336,72.91055297851562,1473700
2018-12-26,71.9000015258789,73.6500015258789,71.66000366210938,73.37000274658203,72.55455017089844,2635100
2018-12-24,73.58000183105469,74.43000030517578,70.91000366210938,71.52999877929688,70.73500061035156,548400
2018-12-21,73.75,75.20999908447266,73.29000091552734,73.5999984741211,72.78199005126953,2323600
2018-12-20,74.75,75.4000015258789,72.70999908447266,73.4000015258789,72.58421325683594,1965600
2018-12-19,75.98999786376953,77.36000061035156,74.72000122070312,74.98999786376953,74.15653991699219,1771900
2018-12-18,75.95999908447266,76.49500274658203,75.02999877929688,75.62999725341797,74.7894287109375,1660400
2018-12-17,75.69999694824219,76.69999694824219,75.20500183105469,75.44000244140625,74.60154724121094,2019200
2018-12-14,77.47000122070312,77.72000122070312,75.5,75.83000183105469,74.98721313476562,1780300
2018-12-13,76.3499984741211,77.87000274658203,76.19000244140625,77.69000244140625,76.8265380859375,1376300
2018-12-12,75.61000061035156,77.2030029296875,75.5999984741211,76.38999938964844,75.54098510742188,1750700
2018-12-11,73.9000015258789,75.79000091552734,73.66999816894531,75.16999816894531,74.33453369140625,1820500
2018-12-10,73.63999938964844,73.63999938964844,72.29000091552734,73.37000274658203,72.55455017089844,2327900
2018-12-07,74.30000305175781,74.5199966430664,73.19000244140625,73.44999694824219,72.63365173339844,1580800
2018-12-06,75.5,76.30000305175781,72.9800033569336,74.12999725341797,73.30609893798828,2525500
2018-12-04,75.86000061035156,76.87000274658203,75.30000305175781,75.48999786376953,74.65098571777344,3021000
2018-12-03,77.33000183105469,77.4000015258789,74.63999938964844,75.58000183105469,74.739990234375,3214500
2018-11-30,76.9000015258789,77.6500015258789,75.83000183105469,76.69999694824219,75.8475341796875,39405400
2018-11-29,77.30000305175781,78.7699966430664,76.66000366210938,76.73999786376953,75.88710021972656,2621800
2018-11-28,77.5,78.2300033569336,76.13999938964844,77.0999984741211,76.24309539794922,2684600
2018-11-27,78.36000061035156,79.58999633789062,77.19000244140625,77.55000305175781,76.68809509277344,3391800
2018-11-26,81.73999786376953,81.83999633789062,79.9800033569336,80.37000274658203,79.47675323486328,1703500
2018-11-23,81.38999938964844,82.05999755859375,80.66000366210938,81.1500015258789,80.24807739257812,480000
2018-11-21,80.66000366210938,82.02999877929688,80.6500015258789,81.79000091552734,80.88097381591797,676300
2018-11-20,80.5,80.7699966430664,79.81999969482422,80.5999984741211,79.70418548583984,1087000
2018-11-19,82.37999725341797,83.08000183105469,80.62999725341797,80.80999755859375,79.91185760498047,1469300
2018-11-16,82.19999694824219,83.63999938964844,82.05999755859375,82.6500015258789,81.73140716552734,1079300
2018-11-15,81.9000015258789,82.7699966430664,80.55000305175781,82.20999908447266,81.29629516601562,1196800
2018-11-14,83.33999633789062,83.86000061035156,82.69999694824219,82.98999786376953,82.06763458251953,1483800
2018-11-13,82.16999816894531,83.45999908447266,81.73999786376953,83.3499984741211,82.42362976074219,1127300
2018-11-12,82.0,82.80999755859375,81.31999969482422,82.13999938964844,81.22708892822266,1195000
2018-11-09,81.5,82.03500366210938,81.13999938964844,82.0199966430664,81.10840606689453,901200
2018-11-08,80.5999984741211,81.8499984741211,80.33000183105469,81.68000030517578,80.7721939086914,1323800
2018-11-07,80.4000015258789,81.62999725341797,80.4000015258789,80.80999755859375,79.91185760498047,832900
2018-11-06,78.63999938964844,80.43000030517578,78.62999725341797,80.26000213623047,79.36798095703125,1220100
2018-11-05,77.02999877929688,78.70500183105469,77.01000213623047,78.62999725341797,77.75608825683594,1032700
2018-11-02,77.44999694824219,78.2300033569336,76.30000305175781,76.9800033569336,76.12442016601562,1008800
2018-11-01,78.16000366210938,78.20999908447266,76.5199966430664,77.2300033569336,76.37165069580078,934900
2018-10-31,76.81999969482422,79.05999755859375,76.2300033569336,78.16000366210938,77.1021957397461,1343400
2018-10-30,77.33000183105469,78.68199920654297,76.02999877929688,76.79000091552734,75.750732421875,1541800
2018-10-29,77.69999694824219,78.95999908447266,76.70999908447266,77.19999694824219,76.15518188476562,1351000
2018-10-26,77.51000213623047,77.87000274658203,76.69999694824219,77.01000213623047,75.96775817871094,972800
2018-10-25,78.12999725341797,78.75,77.3499984741211,78.05000305175781,76.99369049072266,1289400
2018-10-24,78.25,79.97000122070312,78.08000183105469,79.05000305175781,77.98014831542969,1673300
2018-10-23,76.58000183105469,78.3499984741211,75.81999969482422,78.16000366210938,77.1021957397461,869000
2018-10-22,76.95999908447266,77.69999694824219,76.43000030517578,77.1500015258789,76.1058578491211,720800
2018-10-19,76.3499984741211,76.83999633789062,75.98999786376953,76.56999969482422,75.53369903564453,757300
2018-10-18,76.11000061035156,76.77999877929688,75.0199966430664,75.6500015258789,74.62616729736328,694000
2018-10-17,75.12000274658203,76.25499725341797,74.5,76.11000061035156,75.0799331665039,893200
2018-10-16,73.52999877929688,75.33999633789062,73.33000183105469,75.2699966430664,74.25130462646484,972800
2018-10-15,73.05999755859375,73.66000366210938,72.5,73.18000030517578,72.18958282470703,601300
2018-10-12,72.66000366210938,73.19000244140625,72.08999633789062,72.95999908447266,71.9725570678711,1023100
2018-10-11,72.98999786376953,73.08999633789062,71.875,72.12999725341797,71.15379333496094,1545100
2018-10-10,74.63999938964844,74.83999633789062,73.0,73.22000122070312,72.22904205322266,4301600
2018-10-09,74.0999984741211,75.80999755859375,73.83000183105469,74.62000274658203,73.610107421875,1729400
2018-10-08,74.36000061035156,75.08999633789062,73.3499984741211,73.98999786376953,72.98861694335938,1962400
2018-10-05,73.44000244140625,74.83000183105469,73.27999877929688,74.69999694824219,73.68901824951172,1516300
2018-10-04,72.08000183105469,73.44000244140625,71.80999755859375,73.25,72.2586441040039,1373800
2018-10-03,72.94000244140625,73.9000015258789,72.19000244140625,72.23999786376953,71.26231384277344,1437900
2018-10-02,69.66000366210938,72.47000122070312,68.25,72.0,71.02555847167969,3305800
2018-10-01,66.95999908447266,67.0,65.80000305175781,65.94000244140625,65.04757690429688,1468500
2018-09-28,65.37999725341797,66.66999816894531,65.05000305175781,66.5999984741211,65.6986312866211,1398000
2018-09-27,66.29000091552734,66.41000366210938,65.23999786376953,65.58999633789062,64.70230865478516,1582800
2018-09-26,67.08000183105469,67.25,66.47000122070312,66.69999694824219,65.79727935791016,1040900
2018-09-25,66.45999908447266,67.13999938964844,66.23999786376953,67.0999984741211,66.1918716430664,700400
2018-09-24,66.80999755859375,67.20999908447266,65.87000274658203,66.43000030517578,65.53093719482422,1674600
2018-09-21,66.91999816894531,67.48999786376953,66.7300033569336,67.0,66.09322357177734,1450600
2018-09-20,65.2699966430664,66.2699966430664,64.68000030517578,66.12999725341797,65.23499298095703,1029100
2018-09-19,66.97000122070312,67.20999908447266,65.20999908447266,65.26000213623047,64.37677001953125,1646600
2018-09-18,66.5,67.83300018310547,65.58999633789062,66.83999633789062,65.93539428710938,1182800
2018-09-17,68.05999755859375,68.05999755859375,66.68000030517578,66.69000244140625,65.78742980957031,602900
2018-09-14,67.3499984741211,68.19000244140625,67.22000122070312,68.01000213623047,67.08955383300781,533600
2018-09-13,67.12000274658203,67.79000091552734,66.61000061035156,67.3499984741211,66.43849182128906,508000
2018-09-12,67.22000122070312,67.47000122070312,66.45999908447266,67.13999938964844,66.23133087158203,464100
2018-09-11,66.72000122070312,67.38999938964844,66.48799896240234,67.12999725341797,66.22146606445312,390600
2018-09-10,67.04000091552734,67.20800018310547,66.8499984741211,67.02999877929688,66.12281799316406,410100
2018-09-07,67.0199966430664,67.24500274658203,66.71499633789062,66.83000183105469,65.92552947998047,377600
2018-09-06,67.02999877929688,67.54000091552734,66.80999755859375,67.22000122070312,66.31025695800781,783300
2018-09-05,66.83000183105469,67.51000213623047,66.54000091552734,67.30000305175781,66.38917541503906,549500
2018-09-04,67.6500015258789,67.88999938964844,67.05000305175781,67.16999816894531,66.26093292236328,570000
2018-08-31,67.19999694824219,67.72000122070312,66.83000183105469,67.5999984741211,66.68511199951172,462000
2018-08-30,67.54000091552734,67.93000030517578,66.91000366210938,67.12000274658203,66.21161651611328,457400
2018-08-29,68.20999908447266,68.37000274658203,67.62999725341797,67.7300033569336,66.81334686279297,373500
2018-08-28,67.91000366210938,68.6500015258789,67.66999816894531,67.9000015258789,66.98104858398438,602000
2018-08-27,67.44999694824219,68.45999908447266,67.3499984741211,68.12000274658203,67.19807434082031,878500
2018-08-24,66.91000366210938,67.37999725341797,66.72000122070312,67.02999877929688,66.12281799316406,1001600
2018-08-23,65.86000061035156,67.37999725341797,65.80000305175781,67.08000183105469,66.1721420288086,745600
2018-08-22,65.31999969482422,66.25,65.01000213623047,66.18000030517578,65.2843246459961,1132700
2018-08-21,65.62999725341797,66.11000061035156,65.0,65.23999786376953,64.35704803466797,1734800
2018-08-20,65.77999877929688,66.0,65.18000030517578,65.62999725341797,64.74176788330078,1355900
2018-08-17,66.12999725341797,66.12999725341797,63.02000045776367,65.58999633789062,64.70230865478516,1891500
2018-08-16,69.29000091552734,69.75,66.44999694824219,66.58999633789062,65.68877410888672,1606200
2018-08-15,71.45999908447266,71.70999908447266,68.94000244140625,69.26000213623047,68.32264709472656,977000
2018-08-14,71.12000274658203,72.04000091552734,70.95999908447266,71.69999694824219,70.7296142578125,604900
2018-08-13,71.05000305175781,71.51000213623047,70.45999908447266,70.91999816894531,69.96017456054688,758800
2018-08-10,71.5,72.36499786376953,70.94999694824219,71.08999633789062,70.12786865234375,399200
2018-08-09,71.38999938964844,71.73999786376953,70.80999755859375,71.62999725341797,70.66056060791016,681500
2018-08-08,71.80999755859375,71.93000030517578,71.0999984741211,71.41000366210938,70.44355010986328,301300
2018-08-07,72.62000274658203,72.62999725341797,71.66999816894531,71.7699966430664,70.79867553710938,601200
2018-08-06,72.33999633789062,73.19000244140625,71.83000183105469,72.58000183105469,71.59771728515625,924900
2018-08-03,70.66999816894531,72.18000030517578,70.66999816894531,72.16000366210938,71.18339538574219,633400
2018-08-02,69.22000122070312,70.75,69.04000091552734,70.52999877929688,69.57545471191406,460300
2018-08-01,70.29000091552734,70.37000274658203,69.52999877929688,69.69999694824219,68.56803131103516,428900
2018-07-31,70.3499984741211,70.5199966430664,70.05999755859375,70.2699966430664,69.12877655029297,656000
2018-07-30,69.5199966430664,70.30000305175781,69.41000366210938,70.23999786376953,69.09925079345703,659300
2018-07-27,70.13999938964844,70.48999786376953,69.75,69.80000305175781,68.6664047241211,834500
2018-07-26,70.91999816894531,71.0199966430664,68.25,70.05000305175781,68.91234588623047,1632400
2018-07-25,68.62999725341797,71.31500244140625,68.0999984741211,70.41000366210938,69.2665023803711,1789700
2018-07-24,68.87000274658203,69.55000305175781,68.08999633789062,68.33999633789062,67.23011779785156,2183000
2018-07-23,70.5199966430664,70.66999816894531,68.80500030517578,69.0199966430664,67.89906311035156,1380400
2018-07-20,70.4800033569336,70.86000061035156,70.06999969482422,70.41999816894531,69.27633666992188,825900
2018-07-19,70.4800033569336,70.80000305175781,69.84100341796875,70.37999725341797,69.23698425292969,944800
2018-07-18,70.69000244140625,70.93000030517578,70.29000091552734,70.58999633789062,69.44356536865234,549500
2018-07-17,70.19999694824219,70.91999816894531,70.11000061035156,70.7300033569336,69.581298828125,498300
2018-07-16,70.69000244140625,70.86000061035156,70.0250015258789,70.19999694824219,69.05990600585938,539700
2018-07-13,70.56999969482422,71.29000091552734,70.51000213623047,70.8499984741211,69.69934844970703,674500
2018-07-12,70.3499984741211,70.56999969482422,70.08999633789062,70.54000091552734,69.39437866210938,887500
2018-07-11,70.20999908447266,70.6500015258789,69.79000091552734,70.19999694824219,69.05990600585938,447000
2018-07-10,70.77999877929688,71.01000213623047,70.02999877929688,70.27999877929688,69.13860321044922,1437100
2018-07-09,70.20999908447266,71.04000091552734,70.02999877929688,70.37999725341797,69.23698425292969,832500
2018-07-06,69.69999694824219,70.5,69.69999694824219,70.19000244140625,69.05006408691406,375100
2018-07-05,68.5199966430664,69.93000030517578,68.2699966430664,69.87999725341797,68.74510192871094,1000200
2018-07-03,68.12999725341797,68.62999725341797,67.94000244140625,68.37000274658203,67.25963592529297,514500
2018-07-02,68.12000274658203,68.19999694824219,67.62000274658203,67.98999786376953,66.88579559326172,763100
2018-06-29,68.9800033569336,69.33999633789062,68.41999816894531,68.51000213623047,67.39734649658203,857500
2018-06-28,68.20999908447266,68.9800033569336,68.0999984741211,68.72000122070312,67.60395050048828,606700
2018-06-27,68.75,69.06999969482422,67.81999969482422,68.16000366210938,67.05303955078125,588600
2018-06-26,68.41999816894531,69.55000305175781,68.1500015258789,68.62999725341797,67.51539611816406,1033900
2018-06-25,68.05999755859375,68.37000274658203,67.56999969482422,68.1500015258789,67.04319763183594,805400
2018-06-22,67.55000305175781,68.1500015258789,67.05999755859375,67.87999725341797,66.77758026123047,1102700
2018-06-21,67.61000061035156,67.91000366210938,67.19000244140625,67.29000091552734,66.19715881347656,2038400
2018-06-20,66.62999725341797,67.5999984741211,66.13999938964844,67.4800033569336,66.38408660888672,2094000
2018-06-19,64.87000274658203,66.6500015258789,64.5199966430664,66.37999725341797,65.30195617675781,1463000
2018-06-18,64.5,65.06999969482422,64.47000122070312,64.93000030517578,63.87549591064453,644400
2018-06-15,65.80999755859375,65.9000015258789,64.72000122070312,64.93000030517578,63.87549591064453,1262100
2018-06-14,65.52999877929688,66.0199966430664,65.16999816894531,65.8499984741211,64.78055572509766,513700
2018-06-13,65.80000305175781,66.08999633789062,65.33000183105469,65.33999633789062,64.2788314819336,1218500
2018-06-12,65.55000305175781,65.95999908447266,65.29000091552734,65.69000244140625,64.62315368652344,593100
2018-06-11,65.66999816894531,65.93000030517578,65.36000061035156,65.36000061035156,64.29850769042969,554400
2018-06-08,64.98999786376953,66.31300354003906,64.80000305175781,65.68000030517578,64.61331939697266,768200
2018-06-07,64.48999786376953,65.56999969482422,64.1500015258789,64.86000061035156,63.80662536621094,1227700
2018-06-06,65.72000122070312,65.72000122070312,63.349998474121094,64.66000366210938,63.60987854003906,1178700
2018-06-05,65.2300033569336,65.80999755859375,64.51000213623047,65.7300033569336,64.6624984741211,1382300
2018-06-04,64.31999969482422,65.27999877929688,64.16999816894531,65.27999877929688,64.21981048583984,741500
2018-06-01,64.12000274658203,64.43000030517578,63.63999938964844,64.11000061035156,63.068809509277344,799300
2018-05-31,65.0,65.05999755859375,63.75,63.75,62.71466064453125,740500
2018-05-30,64.80999755859375,65.38999938964844,64.66000366210938,65.0,63.94436264038086,784400
2018-05-29,64.9800033569336,65.33000183105469,64.16999816894531,64.55999755859375,63.51150131225586,806100
2018-05-25,65.12999725341797,66.06999969482422,64.95999908447266,65.43000030517578,64.36737823486328,1288600
2018-05-24,65.16000366210938,65.55500030517578,64.95999908447266,65.19999694824219,64.14110565185547,907000
2018-05-23,64.83000183105469,65.33000183105469,64.83000183105469,65.16000366210938,64.10176086425781,547100
2018-05-22,66.27999877929688,66.30999755859375,64.16999816894531,65.04000091552734,63.983699798583984,1506600
2018-05-21,67.16000366210938,67.37000274658203,66.55999755859375,66.73999786376953,65.65608978271484,676000
2018-05-18,66.66999816894531,67.0999984741211,66.55000305175781,66.79000091552734,65.70528411865234,581500
2018-05-17,67.16999816894531,67.30000305175781,66.68000030517578,67.0,65.91188049316406,726600
2018-05-16,67.27999877929688,67.30500030517578,66.7699966430664,67.13999938964844,66.04959869384766,603200
2018-05-15,67.25,67.7300033569336,67.0,67.30999755859375,66.21684265136719,831100
2018-05-14,68.0999984741211,68.41000366210938,67.4749984741211,67.62000274658203,66.52180480957031,693700
2018-05-11,68.18000030517578,68.69999694824219,67.73999786376953,67.93000030517578,66.82676696777344,730800
2018-05-10,68.27999877929688,68.3499984741211,67.72000122070312,68.02999877929688,66.92514038085938,841400
2018-05-09,66.75,68.30999755859375,66.66999816894531,67.7300033569336,66.63001251220703,1146700
2018-05-08,66.06999969482422,66.73999786376953,65.86000061035156,66.66000366210938,65.57740783691406,557300
2018-05-07,65.37000274658203,66.3499984741211,64.8740005493164,66.20999908447266,65.13470458984375,961600
2018-05-04,63.939998626708984,65.6500015258789,63.86000061035156,65.08999633789062,64.03289031982422,700300
2018-05-03,64.11000061035156,64.30999755859375,63.46500015258789,64.04000091552734,62.99994659423828,721600
2018-05-02,64.91000366210938,65.25,64.0,64.13999938964844,62.91017532348633,878600
2018-05-01,65.02999877929688,65.1500015258789,64.45999908447266,64.97000122070312,63.724281311035156,945900
2018-04-30,66.56999969482422,66.66000366210938,65.2699966430664,65.31999969482422,64.06755828857422,810100
2018-04-27,66.54000091552734,66.8499984741211,66.33999633789062,66.58999633789062,65.31319427490234,474200
2018-04-26,66.04000091552734,66.75,65.61000061035156,66.41000366210938,65.13666534423828,1045900
2018-04-25,65.33000183105469,65.95999908447266,65.05000305175781,65.8499984741211,64.58739471435547,814300
2018-04-24,66.04000091552734,66.12999725341797,65.04000091552734,65.44000244140625,64.18524932861328,665200
2018-04-23,65.63999938964844,66.0999984741211,65.45999908447266,65.66000366210938,64.40103149414062,537000
2018-04-20,65.25,65.56999969482422,64.58000183105469,65.36000061035156,64.10678100585938,2933100
2018-04-19,65.47000122070312,65.61000061035156,64.7300033569336,65.25,63.9989013671875,685500
2018-04-18,65.5,65.97000122070312,64.95999908447266,65.51000213623047,64.25390625,1868200
2018-04-17,64.8499984741211,65.55000305175781,64.45999908447266,65.5,64.24410247802734,2760600
2018-04-16,64.25,64.94999694824219,63.869998931884766,64.7300033569336,63.48887252807617,1246900
2018-04-13,63.630001068115234,64.25,63.0099983215332,64.12000274658203,62.89056396484375,1476700
2018-04-12,63.84000015258789,64.08999633789062,63.08000183105469,63.31999969482422,62.10590362548828,1163700
2018-04-11,63.33000183105469,63.869998931884766,63.279998779296875,63.7599983215332,62.5374641418457,1569100
2018-04-10,63.0,63.970001220703125,62.380001068115234,63.77000045776367,62.547271728515625,1306900
2018-04-09,62.18000030517578,63.06999969482422,61.779998779296875,62.290000915527344,61.09564971923828,1087700
2018-04-06,61.29999923706055,62.560001373291016,60.939998626708984,61.779998779296875,60.59542465209961,1652400
2018-04-05,62.0,62.834999084472656,60.060001373291016,61.470001220703125,60.29137420654297,3817100
2018-04-04,58.72999954223633,59.66999816894531,58.25,59.43000030517578,58.290489196777344,1883600
2018-04-03,58.439998626708984,59.5,57.58000183105469,59.130001068115234,57.99624252319336,1578900
2018-04-02,58.5,58.900001525878906,57.45000076293945,58.06999969482422,56.956565856933594,1876100
2018-03-29,56.7599983215332,58.5,56.7599983215332,58.220001220703125,57.103694915771484,1344500
2018-03-28,55.970001220703125,56.560001373291016,55.790000915527344,56.38999938964844,55.30877685546875,832600
2018-03-27,57.310001373291016,57.540000915527344,55.77000045776367,56.0,54.92625045776367,1010600
2018-03-26,54.529998779296875,56.61000061035156,54.48500061035156,56.43000030517578,55.3480110168457,1135000
2018-03-23,54.75,54.959999084472656,54.040000915527344,54.04999923706055,53.01364517211914,806600
2018-03-22,55.0,55.77000045776367,54.56999969482422,54.58000183105469,53.533485412597656,636900
2018-03-21,55.529998779296875,55.69499969482422,54.58000183105469,55.36000061035156,54.298526763916016,769300
2018-03-20,55.66999816894531,55.959999084472656,55.5099983215332,55.689998626708984,54.622196197509766,422400
2018-03-19,55.52000045776367,55.86000061035156,55.189998626708984,55.470001220703125,54.40642547607422,976200
2018-03-16,55.720001220703125,56.25,55.22999954223633,55.65999984741211,54.5927734375,1027100
2018-03-15,56.220001220703125,56.63999938964844,55.290000915527344,55.619998931884766,54.55353927612305,502200
2018-03-14,56.75,56.91999816894531,55.900001525878906,56.08000183105469,55.004722595214844,468300
2018-03-13,57.31999969482422,57.59000015258789,56.36000061035156,56.470001220703125,55.38724136352539,391700
2018-03-12,57.459999084472656,57.66999816894531,56.849998474121094,57.2599983215332,56.16209030151367,798000
2018-03-09,56.9900016784668,57.38999938964844,56.65999984741211,57.33000183105469,56.23075866699219,966600
2018-03-08,56.36000061035156,56.900001525878906,56.16999816894531,56.66999816894531,55.583404541015625,846300
2018-03-07,56.310001373291016,56.63999938964844,55.86000061035156,56.310001373291016,55.23031234741211,872200
2018-03-06,55.849998474121094,56.84000015258789,55.60499954223633,56.81999969482422,55.73052978515625,784800
2018-03-05,55.209999084472656,55.93000030517578,55.0099983215332,55.880001068115234,54.808555603027344,1070700
2018-03-02,54.22999954223633,55.43000030517578,54.040000915527344,55.369998931884766,54.3083381652832,731200
2018-03-01,54.08000183105469,55.119998931884766,53.9900016784668,54.459999084472656,53.4157829284668,776000
2018-02-28,54.58000183105469,54.821998596191406,54.08000183105469,54.09000015258789,53.052879333496094,941000
2018-02-27,54.619998931884766,54.90999984741211,54.38999938964844,54.38999938964844,53.34712219238281,530100
2018-02-26,54.939998626708984,55.06999969482422,54.349998474121094,54.619998931884766,53.572715759277344,623700
2018-02-23,53.97999954223633,54.75,53.310001373291016,54.709999084472656,53.66098403930664,707000
2018-02-22,53.52000045776367,54.27000045776367,53.290000915527344,53.75,52.71939468383789,1400100
2018-02-21,54.41999816894531,54.959999084472656,53.470001220703125,53.5099983215332,52.48399353027344,877100
2018-02-20,55.279998779296875,55.56999969482422,54.2400016784668,54.290000915527344,53.249046325683594,1143100
2018-02-16,55.06999969482422,55.849998474121094,54.849998474121094,55.58000183105469,54.51430892944336,1263800
2018-02-15,54.459999084472656,55.400001525878906,53.869998931884766,55.400001525878906,54.3377571105957,3528800
2018-02-14,54.33000183105469,54.83000183105469,53.93000030517578,54.2400016784668,53.19999694824219,1668100
2018-02-13,54.959999084472656,55.06999969482422,54.220001220703125,54.540000915527344,53.4942512512207,1404800
2018-02-12,54.779998779296875,55.46500015258789,54.349998474121094,55.08000183105469,54.023895263671875,1267300
2018-02-09,55.08000183105469,55.564998626708984,52.91999816894531,54.459999084472656,53.4157829284668,1810400
2018-02-08,57.130001068115234,57.5,54.689998626708984,54.72999954223633,53.680606842041016,1622100
2018-02-07,55.66999816894531,57.22999954223633,55.518001556396484,56.93000030517578,55.83842468261719,1652700
2018-02-06,55.220001220703125,56.7400016784668,54.34000015258789,55.79999923706055,54.73008728027344,2049700
2018-02-05,56.7400016784668,57.529998779296875,56.16999816894531,56.34000015258789,55.25973892211914,2142200
2018-02-02,57.150001525878906,57.650001525878906,56.224998474121094,56.790000915527344,55.701107025146484,1788400
2018-02-01,58.400001525878906,58.79999923706055,57.0099983215332,57.400001525878906,56.29941177368164,1690200
2018-01-31,58.459999084472656,59.13999938964844,58.189998626708984,58.599998474121094,57.288818359375,861000
2018-01-30,58.66999816894531,59.095001220703125,58.040000915527344,58.25,56.94664764404297,950300
2018-01-29,59.4900016784668,60.22999954223633,59.08000183105469,59.09000015258789,57.76785659790039,709100
2018-01-26,59.22999954223633,59.86000061035156,58.79999923706055,59.79999923706055,58.46196746826172,445000
2018-01-25,60.06999969482422,60.459999084472656,58.900001525878906,59.2400016784668,57.91449737548828,704600
2018-01-24,60.400001525878906,60.75,59.79999923706055,59.869998931884766,58.530399322509766,828300
2018-01-23,60.15999984741211,60.65999984741211,59.849998474121094,60.31999969482422,58.9703369140625,577400
2018-01-22,60.27000045776367,60.849998474121094,60.040000915527344,60.29999923706055,58.950782775878906,794100
2018-01-19,59.18000030517578,60.279998779296875,59.18000030517578,60.040000915527344,58.696598052978516,976700
2018-01-18,59.369998931884766,59.529998779296875,58.62900161743164,59.029998779296875,57.70919418334961,1657000
2018-01-17,58.7400016784668,59.630001068115234,58.5,59.34000015258789,58.01226043701172,680100
2018-01-16,58.400001525878906,59.09000015258789,58.345001220703125,58.52000045776367,57.210609436035156,1013600
2018-01-12,57.9900016784668,58.439998626708984,57.619998931884766,58.279998779296875,56.975975036621094,1095800
2018-01-11,58.02000045776367,58.2400016784668,57.529998779296875,58.0,56.702239990234375,1429700
2018-01-10,58.2599983215332,58.45500183105469,57.56999969482422,57.869998931884766,56.57514953613281,997800
2018-01-09,58.4900016784668,58.70000076293945,57.97999954223633,58.040000915527344,56.74135208129883,891700
2018-01-08,57.81999969482422,58.689998626708984,57.290000915527344,58.560001373291016,57.24970626831055,958600
2018-01-05,57.2400016784668,58.0,56.7400016784668,57.70000076293945,56.40896224975586,2317200
2018-01-04,55.54999923706055,57.9900016784668,53.20000076293945,57.220001220703125,55.93970489501953,3492400
2018-01-03,55.599998474121094,56.439998626708984,55.220001220703125,56.060001373291016,54.8056526184082,1631600
2018-01-02,56.4900016784668,56.77000045776367,55.16999816894531,55.369998931884766,54.13109588623047,938900
2017-12-29,55.91999816894531,57.5099983215332,55.81999969482422,56.45000076293945,55.18692398071289,1163400
2017-12-28,55.630001068115234,56.06999969482422,55.41999816894531,55.86000061035156,54.61012649536133,668100
2017-12-27,55.33000183105469,55.72999954223633,55.20000076293945,55.459999084472656,54.21907043457031,571100
2017-12-26,55.810001373291016,55.86000061035156,55.11000061035156,55.18000030517578,53.94533920288086,492000
2017-12-22,55.68000030517578,55.9900016784668,55.380001068115234,55.81999969482422,54.571022033691406,835800
2017-12-21,56.040000915527344,56.25,55.29999923706055,55.43000030517578,54.18975067138672,776200
2017-12-20,56.029998779296875,56.08000183105469,55.36000061035156,55.97999954223633,54.727439880371094,1110100
2017-12-19,56.33000183105469,56.689998626708984,55.7599983215332,55.849998474121094,54.600345611572266,787900
2017-12-18,55.650001525878906,56.5,55.529998779296875,56.119998931884766,54.86430358886719,1000100
2017-12-15,55.31999969482422,55.75,55.20000076293945,55.5,54.2581787109375,2592300
2017-12-14,55.709999084472656,55.95000076293945,55.40999984741211,55.45000076293945,54.20930099487305,493700
2017-12-13,55.900001525878906,56.08000183105469,55.70000076293945,55.79999923706055,54.55146789550781,923600
2017-12-12,56.97999954223633,57.040000915527344,55.650001525878906,55.75,54.502586364746094,672700
2017-12-11,56.150001525878906,57.20000076293945,56.099998474121094,56.880001068115234,55.60730743408203,1390400
2017-12-08,55.04999923706055,56.41999816894531,54.95000076293945,56.20000076293945,54.9425163269043,1608000
2017-12-07,54.25,55.15999984741211,54.24800109863281,54.97999954223633,53.74981689453125,1004800
2017-12-06,54.45000076293945,54.900001525878906,54.36000061035156,54.45000076293945,53.23167037963867,559600
2017-12-05,55.099998474121094,55.099998474121094,54.439998626708984,54.45000076293945,53.23167037963867,666000
2017-12-04,55.0099983215332,55.15800094604492,54.619998931884766,54.95000076293945,53.72048568725586,795300
2017-12-01,54.5,54.93000030517578,53.86000061035156,54.86000061035156,53.63250732421875,1410000
2017-11-30,53.939998626708984,54.48500061035156,53.75,54.369998931884766,53.153465270996094,2492700
2017-11-29,53.97999954223633,54.369998931884766,53.4900016784668,53.95000076293945,52.74286651611328,1096900
2017-11-28,54.08000183105469,54.45000076293945,53.720001220703125,54.029998779296875,52.82107162475586,2590800
2017-11-27,54.43000030517578,54.47999954223633,53.97999954223633,54.029998779296875,52.82107162475586,997500
2017-11-24,54.400001525878906,54.650001525878906,54.18000030517578,54.439998626708984,53.221893310546875,130900
2017-11-22,53.7400016784668,54.27000045776367,53.470001220703125,54.25,53.03614807128906,541100
2017-11-21,53.72999954223633,54.20500183105469,53.630001068115234,53.7400016784668,52.53756332397461,726500
2017-11-20,53.209999084472656,53.90999984741211,53.209999084472656,53.689998626708984,52.48868179321289,617700
2017-11-17,53.209999084472656,53.994998931884766,53.15999984741211,53.209999084472656,52.0194206237793,853000
2017-11-16,52.97999954223633,54.029998779296875,52.97999954223633,53.45000076293945,52.254051208496094,1499100
2017-11-15,53.290000915527344,53.290000915527344,52.70000076293945,52.7400016784668,51.559932708740234,1070200
2017-11-14,52.709999084472656,54.0099983215332,52.47999954223633,53.38999938964844,52.19538879394531,809600
2017-11-13,51.880001068115234,52.849998474121094,51.79999923706055,52.779998779296875,51.59904479980469,747900
2017-11-10,51.36000061035156,52.2400016784668,50.599998474121094,51.959999084472656,50.79738998413086,733100
2017-11-09,52.20000076293945,52.45000076293945,51.56999969482422,51.619998931884766,50.46500015258789,415200
2017-11-08,51.72999954223633,52.40999984741211,51.66999816894531,52.38999938964844,51.21776580810547,465000
2017-11-07,52.189998626708984,52.349998474121094,51.45000076293945,51.65999984741211,50.50410079956055,435800
2017-11-06,52.400001525878906,52.470001220703125,51.720001220703125,52.060001373291016,50.89515686035156,446600
2017-11-03,51.72999954223633,52.43000030517578,51.459999084472656,52.119998931884766,50.95380783081055,660600
2017-11-02,51.099998474121094,51.86000061035156,50.900001525878906,51.79999923706055,50.640968322753906,996700
2017-11-01,51.02000045776367,51.970001220703125,51.02000045776367,51.349998474121094,50.01773452758789,650400
2017-10-31,50.529998779296875,51.560001373291016,50.4010009765625,50.9900016784668,49.66707992553711,478900
2017-10-30,50.70000076293945,50.970001220703125,50.2599983215332,50.380001068115234,49.072898864746094,475500
2017-10-27,50.61000061035156,50.869998931884766,50.08000183105469,50.81999969482422,49.501487731933594,374500
2017-10-26,50.650001525878906,50.93000030517578,50.56999969482422,50.599998474121094,49.28718948364258,298900
2017-10-25,51.04999923706055,51.15999984741211,50.35100173950195,50.619998931884766,49.306671142578125,596400
2017-10-24,50.65999984741211,51.20000076293945,50.45000076293945,50.720001220703125,49.404083251953125,409700
2017-10-23,50.61000061035156,51.08000183105469,50.52000045776367,50.900001525878906,49.57940673828125,710000
2017-10-20,50.40999984741211,50.77799987792969,50.22999954223633,50.630001068115234,49.316410064697266,501300
2017-10-19,50.470001220703125,50.68000030517578,50.130001068115234,50.29999923706055,48.994972229003906,487800
2017-10-18,50.380001068115234,50.564998626708984,50.220001220703125,50.560001373291016,49.248226165771484,763000
2017-10-17,50.54999923706055,50.599998474121094,49.90999984741211,50.220001220703125,48.917049407958984,1048600
2017-10-16,50.0,50.81999969482422,50.0,50.689998626708984,49.37485122680664,665600
2017-10-13,49.88999938964844,50.040000915527344,49.611000061035156,50.0,48.7027587890625,534800
2017-10-12,49.36000061035156,49.72600173950195,49.0,49.70000076293945,48.41054153442383,504700
2017-10-11,49.04999923706055,49.75,48.95000076293945,49.369998931884766,48.0890998840332,739300
2017-10-10,49.09000015258789,49.2400016784668,48.849998474121094,49.040000915527344,47.767669677734375,781700
2017-10-09,49.13999938964844,49.209999084472656,48.709999084472656,48.83000183105469,47.56311798095703,545200
2017-10-06,48.59000015258789,49.130001068115234,48.59000015258789,49.130001068115234,47.8553352355957,760100
2017-10-05,48.84000015258789,49.13999938964844,48.540000915527344,48.59000015258789,47.329341888427734,905800
2017-10-04,48.66999816894531,48.849998474121094,46.29999923706055,48.40999984741211,47.15400695800781,2031300
2017-10-03,47.540000915527344,47.61000061035156,46.959999084472656,47.16999816894531,45.9461784362793,1275800
2017-10-02,46.79999923706055,48.16999816894531,46.68199920654297,47.540000915527344,46.30659103393555,1324700
2017-09-29,46.459999084472656,47.150001525878906,46.459999084472656,46.88999938964844,45.6734504699707,910200
2017-09-28,45.97999954223633,46.630001068115234,45.875,46.58000183105469,45.371490478515625,685700
2017-09-27,45.83000183105469,46.2400016784668,45.630001068115234,46.040000915527344,44.84549331665039,686400
2017-09-26,45.2599983215332,45.81999969482422,45.16999816894531,45.529998779296875,44.348731994628906,598000
2017-09-25,45.36000061035156,45.599998474121094,45.02000045776367,45.16999816894531,43.99807357788086,857600
2017-09-22,45.97999954223633,46.13999938964844,45.33000183105469,45.380001068115234,44.2026252746582,380800
2017-09-21,46.720001220703125,46.744998931884766,45.83000183105469,45.86000061035156,44.67017364501953,284600
2017-09-20,46.369998931884766,46.720001220703125,46.18000030517578,46.650001525878906,45.439674377441406,815700
2017-09-19,46.290000915527344,46.43000030517578,45.9900016784668,46.38999938964844,45.1864128112793,666400
2017-09-18,46.29999923706055,46.45000076293945,45.869998931884766,46.279998779296875,45.07927322387695,583100
2017-09-15,46.15999984741211,46.5099983215332,46.119998931884766,46.38999938964844,45.1864128112793,1962700
2017-09-14,46.4900016784668,46.54999923706055,46.0099983215332,46.06999969482422,44.87472152709961,636300
2017-09-13,46.040000915527344,46.744998931884766,46.040000915527344,46.54999923706055,45.3422737121582,848300
2017-09-12,45.66999816894531,46.0099983215332,45.5099983215332,46.0,44.806541442871094,714000
2017-09-11,45.66999816894531,46.130001068115234,45.47999954223633,45.630001068115234,44.44614028930664,567100
2017-09-08,45.209999084472656,45.900001525878906,44.91999816894531,45.439998626708984,44.261070251464844,631400
2017-09-07,45.38999938964844,45.58000183105469,45.040000915527344,45.279998779296875,44.1052131652832,721100
2017-09-06,45.7400016784668,45.80500030517578,45.02000045776367,45.31999969482422,44.14418029785156,730500
2017-09-05,46.04999923706055,46.22999954223633,45.560001373291016,45.7400016784668,44.55328369140625,1071500
2017-09-01,45.720001220703125,46.150001525878906,45.54999923706055,45.9900016784668,44.79679870605469,545600
2017-08-31,45.11000061035156,45.709999084472656,45.0099983215332,45.47999954223633,44.30002212524414,652000
2017-08-30,45.11000061035156,45.2400016784668,44.68000030517578,45.16999816894531,43.99807357788086,731800
2017-08-29,44.779998779296875,45.15999984741211,44.72999954223633,45.06999969482422,43.90066909790039,975900
2017-08-28,45.189998626708984,45.189998626708984,44.720001220703125,44.880001068115234,43.71559524536133,981200
2017-08-25,45.060001373291016,45.22999954223633,44.810001373291016,45.040000915527344,43.87145233154297,983000
2017-08-24,45.61000061035156,45.61000061035156,44.814998626708984,45.0,43.83248519897461,1029500
2017-08-23,45.56999969482422,45.7400016784668,45.029998779296875,45.59000015258789,44.40718078613281,709100
2017-08-22,45.5,45.970001220703125,45.38999938964844,45.65999984741211,44.475364685058594,858600
2017-08-21,45.13999938964844,45.58000183105469,45.013999938964844,45.45000076293945,44.270809173583984,697200
2017-08-18,45.209999084472656,45.310001373291016,44.86000061035156,45.27000045776367,44.09547424316406,755600
2017-08-17,45.290000915527344,45.900001525878906,45.119998931884766,45.369998931884766,44.19288635253906,729800
2017-08-16,45.11000061035156,45.56999969482422,44.91999816894531,45.36000061035156,44.18313980102539,523200
2017-08-15,44.900001525878906,45.08000183105469,44.70000076293945,45.02000045776367,43.851959228515625,439800
2017-08-14,44.869998931884766,45.060001373291016,44.69499969482422,44.810001373291016,43.64741134643555,690800
2017-08-11,44.33000183105469,44.810001373291016,44.08000183105469,44.810001373291016,43.64741134643555,452800
2017-08-10,43.43000030517578,44.380001068115234,43.279998779296875,44.34000015258789,43.189613342285156,620000
2017-08-09,43.45000076293945,43.810001373291016,43.0,43.5099983215332,42.38113784790039,690700
2017-08-08,43.7400016784668,43.7599983215332,43.209999084472656,43.560001373291016,42.429847717285156,789300
2017-08-07,43.619998931884766,44.11000061035156,43.40999984741211,43.86000061035156,42.7220573425293,555500
2017-08-04,43.40999984741211,43.619998931884766,42.900001525878906,43.619998931884766,42.488285064697266,441600
2017-08-03,43.7400016784668,43.7400016784668,43.119998931884766,43.220001220703125,42.09866714477539,691500
2017-08-02,43.86000061035156,44.130001068115234,43.25,43.7599983215332,42.62465286254883,1002600
2017-08-01,44.209999084472656,44.2599983215332,43.90999984741211,44.040000915527344,42.71475601196289,1093500
2017-07-31,43.650001525878906,44.150001525878906,43.643001556396484,43.97999954223633,42.656558990478516,1196700
2017-07-28,43.689998626708984,44.180999755859375,43.599998474121094,43.81999969482422,42.50136947631836,951100
2017-07-27,44.290000915527344,44.540000915527344,43.720001220703125,43.86000061035156,42.54016876220703,1866100
2017-07-26,45.5099983215332,46.0099983215332,44.18000030517578,44.279998779296875,42.947532653808594,1260000
2017-07-25,47.380001068115234,49.939998626708984,45.02000045776367,45.68000030517578,44.30540466308594,3175200
2017-07-24,44.810001373291016,45.2599983215332,44.459999084472656,44.75,43.40339279174805,961900
2017-07-21,44.29999923706055,45.20000076293945,44.27000045776367,45.0,43.6458625793457,1989000
2017-07-20,44.439998626708984,44.5099983215332,44.220001220703125,44.279998779296875,42.947532653808594,470100
2017-07-19,44.20000076293945,44.56999969482422,44.04999923706055,44.380001068115234,43.044517517089844,592600
2017-07-18,44.02000045776367,44.34000015258789,43.85499954223633,44.130001068115234,42.80205154418945,568800
2017-07-17,43.66999816894531,44.18000030517578,43.400001525878906,43.9900016784668,42.666263580322266,512500
2017-07-14,43.79999923706055,44.09000015258789,43.60499954223633,43.650001525878906,42.33649444580078,358100
2017-07-13,44.029998779296875,44.189998626708984,43.47999954223633,43.77000045776367,42.452884674072266,696700
2017-07-12,44.0,44.529998779296875,43.75,44.0,42.67595291137695,931900
2017-07-11,42.810001373291016,43.810001373291016,42.58000183105469,43.790000915527344,42.47227096557617,1129600
2017-07-10,43.20000076293945,43.2599983215332,42.58000183105469,42.7400016784668,41.45387268066406,1034900
2017-07-07,43.0099983215332,43.400001525878906,42.7599983215332,43.099998474121094,41.80303955078125,516800
2017-07-06,43.130001068115234,43.2400016784668,42.744998931884766,42.900001525878906,41.60905838012695,726300
2017-07-05,43.66999816894531,44.06999969482422,43.2599983215332,43.27000045776367,41.96792221069336,820600
2017-07-03,44.02000045776367,44.15999984741211,43.31999969482422,43.86000061035156,42.54016876220703,618100
2017-06-30,44.290000915527344,44.5099983215332,43.959999084472656,44.040000915527344,42.71475601196289,652600
2017-06-29,45.29999923706055,45.310001373291016,44.040000915527344,44.130001068115234,42.80205154418945,762100
2017-06-28,44.86000061035156,45.7400016784668,44.650001525878906,45.369998931884766,44.00473403930664,663600
2017-06-27,45.279998779296875,45.369998931884766,44.52000045776367,44.689998626708984,43.3452033996582,591400
2017-06-26,45.619998931884766,45.7400016784668,45.060001373291016,45.34000015258789,43.97563171386719,483000
2017-06-23,45.540000915527344,45.72999954223633,45.310001373291016,45.560001373291016,44.18901443481445,2435400
2017-06-22,45.83000183105469,46.0099983215332,45.40999984741211,45.59000015258789,44.21811294555664,310800
2017-06-21,45.90999984741211,46.18000030517578,45.56999969482422,45.81999969482422,44.44118881225586,812100
2017-06-20,45.86000061035156,45.93000030517578,45.47999954223633,45.72999954223633,44.35390853881836,447500
2017-06-19,44.959999084472656,45.650001525878906,44.959999084472656,45.54999923706055,44.17930603027344,906200
2017-06-16,45.18000030517578,45.27000045776367,43.88999938964844,45.06999969482422,43.7137565612793,1658200
2017-06-15,45.459999084472656,45.63999938964844,45.060001373291016,45.31999969482422,43.95623779296875,480300
2017-06-14,45.79999923706055,46.130001068115234,45.459999084472656,45.59000015258789,44.21811294555664,760000
2017-06-13,45.599998474121094,46.2400016784668,45.470001220703125,45.97999954223633,44.59638214111328,592500
2017-06-12,46.15999984741211,46.279998779296875,45.20000076293945,45.43000030517578,44.06292724609375,611500
2017-06-09,46.58000183105469,46.7599983215332,45.849998474121094,46.029998779296875,44.644866943359375,862700
2017-06-08,46.900001525878906,46.90999984741211,46.47999954223633,46.5,45.10072708129883,374000
2017-06-07,46.7599983215332,47.209999084472656,46.32500076293945,46.90999984741211,45.498390197753906,691100
2017-06-06,46.650001525878906,46.70500183105469,45.939998626708984,46.66999816894531,45.265602111816406,568100
2017-06-05,47.150001525878906,47.459999084472656,46.40999984741211,46.709999084472656,45.30440902709961,653600
2017-06-02,47.560001373291016,47.9900016784668,47.0,47.380001068115234,45.95425033569336,634100
2017-06-01,46.47999954223633,47.400001525878906,46.33000183105469,47.31999969482422,45.89604949951172,740500
2017-05-31,46.310001373291016,46.81999969482422,46.310001373291016,46.40999984741211,45.013431549072266,879700
2017-05-30,45.5,46.31999969482422,45.40999984741211,46.16999816894531,44.78065490722656,756900
2017-05-26,45.54999923706055,45.810001373291016,45.310001373291016,45.65999984741211,44.286006927490234,434200
2017-05-25,45.58000183105469,45.91999816894531,45.400001525878906,45.630001068115234,44.25690841674805,561400
2017-05-24,44.68000030517578,45.5099983215332,44.400001525878906,45.4900016784668,44.12112045288086,1182000
2017-05-23,44.5099983215332,44.72999954223633,44.15999984741211,44.220001220703125,42.88933181762695,650800
2017-05-22,44.5,44.75,44.290000915527344,44.58000183105469,43.23850631713867,531800
2017-05-19,44.41999816894531,44.84000015258789,44.04999923706055,44.380001068115234,43.044517517089844,740200
2017-05-18,44.04999923706055,44.220001220703125,43.720001220703125,43.939998626708984,42.617767333984375,2490800
2017-05-17,44.470001220703125,44.709999084472656,44.029998779296875,44.16999816894531,42.84083938598633,1248000
2017-05-16,43.22999954223633,44.5099983215332,43.099998474121094,44.470001220703125,43.13181686401367,1805900
2017-05-15,42.13999938964844,42.959999084472656,42.13999938964844,42.93000030517578,41.63815689086914,601600
2017-05-12,42.06999969482422,42.369998931884766,42.06999969482422,42.20000076293945,40.93012237548828,523100
2017-05-11,42.33000183105469,42.5,41.91999816894531,42.20000076293945,40.93012237548828,1006900
2017-05-10,41.68000030517578,42.470001220703125,41.650001525878906,42.470001220703125,41.19200134277344,1017200
2017-05-09,41.619998931884766,41.900001525878906,41.310001373291016,41.75,40.49366760253906,715000
2017-05-08,41.41999816894531,41.619998931884766,41.119998931884766,41.58000183105469,40.32877731323242,739200
2017-05-05,41.18000030517578,41.6349983215332,41.18000030517578,41.56999969482422,40.3190803527832,595200
2017-05-04,41.18000030517578,41.400001525878906,40.75,41.2599983215332,40.018409729003906,959100
2017-05-03,41.16999816894531,41.439998626708984,40.83000183105469,40.900001525878906,39.66924285888672,800600
2017-05-02,41.68000030517578,42.02000045776367,40.90999984741211,41.38999938964844,40.144493103027344,1039700
2017-05-01,41.86000061035156,41.970001220703125,41.349998474121094,41.79999923706055,40.54216003417969,1440300
2017-04-28,42.59000015258789,42.63999938964844,41.54999923706055,41.75,40.49366760253906,1186100
2017-04-27,42.13999938964844,42.849998474121094,42.130001068115234,42.63999938964844,41.35688400268555,991400
2017-04-26,42.33000183105469,42.380001068115234,41.959999084472656,42.2400016784668,40.96892166137695,901200
2017-04-25,42.84000015258789,42.93000030517578,42.279998779296875,42.459999084472656,41.00043869018555,840100
2017-04-24,42.529998779296875,42.709999084472656,42.20000076293945,42.66999816894531,41.20322036743164,555600
2017-04-21,42.56999969482422,42.56999969482422,42.040000915527344,42.2599983215332,40.80731964111328,679600
2017-04-20,42.310001373291016,42.7400016784668,42.02000045776367,42.599998474121094,41.135623931884766,415600
2017-04-19,42.290000915527344,42.38999938964844,42.0099983215332,42.20000076293945,40.74938201904297,526300
2017-04-18,42.27000045776367,42.439998626708984,41.9900016784668,42.380001068115234,40.923194885253906,812900
2017-04-17,41.88999938964844,42.2599983215332,41.755001068115234,42.22999954223633,40.778343200683594,508300
2017-04-13,42.18000030517578,42.34000015258789,41.869998931884766,41.869998931884766,40.43071746826172,531800
2017-04-12,42.900001525878906,42.95000076293945,42.08000183105469,42.15999984741211,40.710758209228516,717600
2017-04-11,42.779998779296875,42.88999938964844,42.09400177001953,42.880001068115234,41.40599822998047,1170500
2017-04-10,42.939998626708984,43.0099983215332,42.18000030517578,42.7599983215332,41.290122985839844,1236700
2017-04-07,42.130001068115234,43.2599983215332,41.75,42.9900016784668,41.51222610473633,2618100
2017-04-06,43.119998931884766,43.400001525878906,40.61000061035156,43.13999938964844,41.65706253051758,2956500
2017-04-05,42.130001068115234,42.5,41.70000076293945,41.7400016784668,40.30519485473633,816300
2017-04-04,42.08000183105469,42.220001220703125,41.540000915527344,42.189998626708984,40.739723205566406,1297300
2017-04-03,42.0099983215332,42.25,41.75,42.0,40.556251525878906,914700
2017-03-31,42.06999969482422,42.14500045776367,41.810001373291016,42.060001373291016,40.61418914794922,1003800
2017-03-30,42.70000076293945,42.70000076293945,42.060001373291016,42.09000015258789,40.64316177368164,640800
2017-03-29,42.880001068115234,42.95000076293945,42.52000045776367,42.63999938964844,41.17424774169922,704000
2017-03-28,42.86000061035156,43.20000076293945,42.65999984741211,42.91999816894531,41.44462966918945,901800
2017-03-27,42.529998779296875,43.02000045776367,42.220001220703125,42.959999084472656,41.48325729370117,812700
2017-03-24,43.0,43.23500061035156,42.66999816894531,42.66999816894531,41.20322036743164,1338300
2017-03-23,42.400001525878906,43.279998779296875,42.220001220703125,43.0099983215332,41.531532287597656,1135600
2017-03-22,43.02000045776367,43.47999954223633,42.43000030517578,42.439998626708984,40.98112487792969,1391700
2017-03-21,42.59000015258789,43.125,42.540000915527344,42.869998931884766,41.39635467529297,1640100
2017-03-20,42.310001373291016,42.630001068115234,42.090999603271484,42.47999954223633,41.019752502441406,1693200
2017-03-17,41.939998626708984,42.38999938964844,41.66999816894531,42.25,40.79765319824219,1609000
2017-03-16,42.279998779296875,42.5,41.75,41.9900016784668,40.546600341796875,1065300
2017-03-15,42.439998626708984,43.470001220703125,42.279998779296875,42.36000061035156,40.903873443603516,2309500
2017-03-14,41.5,42.25,41.323001861572266,42.209999084472656,40.759029388427734,992300
2017-03-13,41.38999938964844,41.61000061035156,41.310001373291016,41.529998779296875,40.1024055480957,1383900
2017-03-10,41.02000045776367,41.599998474121094,40.86399841308594,41.400001525878906,39.97687911987305,1544100
2017-03-09,40.790000915527344,41.099998474121094,40.540000915527344,40.97999954223633,39.57132339477539,1533800
2017-03-08,40.650001525878906,41.08000183105469,40.41999816894531,40.720001220703125,39.32025146484375,1926500
2017-03-07,40.2599983215332,41.04999923706055,40.04499816894531,40.7400016784668,39.33956527709961,1684000
2017-03-06,40.369998931884766,40.61000061035156,40.060001373291016,40.41999816894531,39.03056335449219,1784400
2017-03-03,40.08000183105469,40.46699905395508,39.529998779296875,40.400001525878906,39.01125717163086,1254100
2017-03-02,39.70000076293945,40.38999938964844,39.55699920654297,40.220001220703125,38.83743667602539,818900
2017-03-01,39.099998474121094,40.040000915527344,39.06999969482422,39.95000076293945,38.57672882080078,734400
2017-02-28,39.439998626708984,39.790000915527344,39.189998626708984,39.189998626708984,37.84284210205078,653800
2017-02-27,39.70000076293945,39.70000076293945,39.08000183105469,39.47999954223633,38.12287521362305,603400
2017-02-24,39.5,39.65999984741211,39.321998596191406,39.58000183105469,38.219444274902344,374900
2017-02-23,39.95000076293945,39.95000076293945,39.27000045776367,39.5,38.142189025878906,564200
2017-02-22,39.40999984741211,40.0,39.40999984741211,39.849998474121094,38.48015594482422,800800
2017-02-21,39.560001373291016,40.130001068115234,39.29999923706055,39.619998931884766,38.2580680847168,1295400
2017-02-17,39.77000045776367,39.95000076293945,39.29999923706055,39.619998931884766,38.2580680847168,1488000
2017-02-16,39.56999969482422,40.15999984741211,39.560001373291016,39.900001525878906,38.528438568115234,1034800
2017-02-15,39.5,39.75,39.20000076293945,39.630001068115234,38.267723083496094,1387700
2017-02-14,39.33000183105469,39.7400016784668,39.25,39.650001525878906,38.28703308105469,1098400
2017-02-13,39.2400016784668,39.709999084472656,38.83000183105469,39.43000030517578,38.07460021972656,1128300
2017-02-10,39.0,39.56999969482422,38.599998474121094,39.27000045776367,37.92009353637695,868900
2017-02-09,39.15999984741211,39.52000045776367,38.689998626708984,39.08000183105469,37.73663330078125,1138900
2017-02-08,39.279998779296875,39.689998626708984,38.58000183105469,39.15999984741211,37.813880920410156,1575200
2017-02-07,39.25,39.79999923706055,38.97999954223633,39.40999984741211,38.05529022216797,1362100
2017-02-06,39.130001068115234,39.349998474121094,38.72100067138672,39.2400016784668,37.89112854003906,1097600
2017-02-03,38.4900016784668,39.470001220703125,38.459999084472656,38.900001525878906,37.56282424926758,1495200
2017-02-02,37.70000076293945,38.810001373291016,37.61000061035156,38.41999816894531,37.099308013916016,2496300
2017-02-01,37.58000183105469,37.970001220703125,37.15999984741211,37.77000045776367,36.471656799316406,2212200
2017-01-31,36.68000030517578,37.54999923706055,36.68000030517578,37.36000061035156,36.07575225830078,1625200
2017-01-30,36.20000076293945,36.93000030517578,36.20000076293945,36.779998779296875,35.515689849853516,912300
2017-01-27,36.400001525878906,36.540000915527344,35.810001373291016,36.439998626708984,35.187381744384766,1088400
2017-01-26,36.38999938964844,36.869998931884766,36.25,36.33000183105469,35.08116149902344,1015300
2017-01-25,37.45000076293945,37.79999923706055,36.439998626708984,36.66999816894531,35.22841262817383,1183300
2017-01-24,36.65999984741211,37.66999816894531,36.59000015258789,37.4900016784668,36.01618576049805,1199600
2017-01-23,36.97999954223633,37.41999816894531,36.465999603271484,36.77000045776367,35.324485778808594,2035300
2017-01-20,36.95000076293945,37.560001373291016,36.77000045776367,37.11000061035156,35.651119232177734,1337000
2017-01-19,36.790000915527344,37.0,36.33000183105469,36.959999084472656,35.507015228271484,890400
2017-01-18,36.75,36.880001068115234,36.40999984741211,36.63999938964844,35.1995964050293,1214200
2017-01-17,37.13999938964844,37.220001220703125,36.75,36.88999938964844,35.43976593017578,1907200
2017-01-13,36.88999938964844,37.29999923706055,36.54999923706055,37.220001220703125,35.75680160522461,1010200
2017-01-12,36.689998626708984,37.0099983215332,36.119998931884766,36.959999084472656,35.507015228271484,1235200
2017-01-11,36.70000076293945,37.20000076293945,36.02000045776367,36.88999938964844,35.43976593017578,2185900
2017-01-10,38.790000915527344,38.959999084472656,36.189998626708984,36.84000015258789,35.39173889160156,3712600
2017-01-09,36.810001373291016,37.09000015258789,36.099998474121094,36.88999938964844,35.43976593017578,1333800
2017-01-06,36.41999816894531,36.959999084472656,36.060001373291016,36.83000183105469,35.38212585449219,1368000
2017-01-05,36.97999954223633,37.709999084472656,36.47999954223633,36.619998931884766,35.18037796020508,1099600
2017-01-04,37.66999816894531,38.40999984741211,36.42499923706055,36.97999954223633,35.52622985839844,1712300
2017-01-03,37.709999084472656,38.599998474121094,37.36000061035156,37.4900016784668,36.01618576049805,2007000
2016-12-30,37.7400016784668,38.52000045776367,37.67499923706055,37.849998474121094,36.362022399902344,773000
2016-12-29,37.369998931884766,37.959999084472656,37.143001556396484,37.77000045776367,36.28517150878906,658500
2016-12-28,37.25,37.65999984741211,37.0099983215332,37.22999954223633,35.76640701293945,533800
2016-12-27,36.650001525878906,37.4900016784668,36.61000061035156,37.34000015258789,35.872074127197266,822200
2016-12-23,36.40999984741211,37.06999969482422,35.970001220703125,36.849998474121094,35.40134048461914,888300
2016-12-22,35.0,36.619998931884766,34.79999923706055,36.33000183105469,34.901790618896484,1438500
2016-12-21,34.63999938964844,35.220001220703125,34.459999084472656,35.02000045776367,33.64328384399414,703600
2016-12-20,34.220001220703125,35.11000061035156,34.20000076293945,34.95000076293945,33.57603073120117,944900
2016-12-19,35.310001373291016,35.84000015258789,34.27000045776367,34.47999954223633,33.12451171875,1983200
2016-12-16,34.34000015258789,35.470001220703125,34.279998779296875,35.2599983215332,33.87384796142578,3784000
2016-12-15,35.060001373291016,35.263999938964844,34.150001525878906,34.380001068115234,33.02845001220703,1555100
2016-12-14,36.619998931884766,37.0,34.970001220703125,35.150001525878906,33.76816177368164,3886300
2016-12-13,36.970001220703125,37.09000015258789,35.66999816894531,36.58000183105469,35.14196014404297,1814000
2016-12-12,36.380001068115234,37.21500015258789,36.310001373291016,36.72999954223633,35.28606033325195,1258300
2016-12-09,35.81999969482422,36.5099983215332,35.599998474121094,36.380001068115234,34.9498176574707,1993100
2016-12-08,34.90999984741211,36.0,34.61000061035156,35.93000030517578,34.51750946044922,2603000
2016-12-07,34.06999969482422,34.97999954223633,34.0,34.75,33.38389205932617,3809400
2016-12-06,33.45000076293945,33.86000061035156,33.209999084472656,33.81999969482422,32.49045181274414,1622900
2016-12-05,32.869998931884766,33.7599983215332,32.75,33.650001525878906,32.3271484375,2004700
2016-12-02,32.15999984741211,33.209999084472656,32.0099983215332,32.9900016784668,31.693086624145508,1213100
2016-12-01,33.040000915527344,33.2599983215332,32.185001373291016,32.5099983215332,31.231948852539062,2914900
2016-11-30,33.2599983215332,34.29999923706055,33.0,33.47999954223633,32.163822174072266,2764900
2016-11-29,33.04999923706055,33.36000061035156,32.720001220703125,33.189998626708984,31.885223388671875,2139500
2016-11-28,32.27000045776367,33.5,32.16999816894531,32.7400016784668,31.452909469604492,1928500
2016-11-25,32.7599983215332,32.779998779296875,32.27000045776367,32.59000015258789,31.308813095092773,827800
2016-11-23,32.70000076293945,33.470001220703125,32.5,33.02000045776367,31.721904754638672,3619500
2016-11-22,31.520000457763672,33.150001525878906,30.43000030517578,32.70000076293945,31.41448974609375,5601700
2016-11-21,32.2599983215332,32.5,31.290000915527344,31.739999771118164,30.492223739624023,5036700
2016-11-18,32.13999938964844,33.099998474121094,31.790000915527344,32.68000030517578,31.39527130126953,4253400
2016-11-17,31.399999618530273,33.064998626708984,30.635000228881836,32.5099983215332,31.231948852539062,5252000
2016-11-16,30.770000457763672,32.040000915527344,30.610000610351562,31.700000762939453,30.453800201416016,4342300
2016-11-15,29.639999389648438,30.700000762939453,29.6200008392334,30.43000030517578,29.233726501464844,3667200
2016-11-14,29.34000015258789,30.43000030517578,28.75,30.190000534057617,29.00316047668457,4481900
2016-11-11,29.799999237060547,30.09000015258789,28.850000381469727,29.889999389648438,28.714954376220703,6020100
2016-11-10,32.040000915527344,32.349998474121094,29.81999969482422,30.329999923706055,29.137653350830078,35019100
